{
  "properties": {
    "connectionReferences": {
      "shared_commondataserviceforapps": {
        "runtimeSource": "embedded",
        "connection": {
          "connectionReferenceLogicalName": "cr2b7_sharedcommondataserviceforapps_b1f75"
        },
        "api": {
          "name": "shared_commondataserviceforapps"
        }
      },
      "shared_teams": {
        "runtimeSource": "embedded",
        "connection": {
          "connectionReferenceLogicalName": "cr2b7_sharedteams_46f82"
        },
        "api": {
          "name": "shared_teams"
        }
      }
    },
    "definition": {
      "$schema": "https://schema.management.azure.com/providers/Microsoft.Logic/schemas/2016-06-01/workflowdefinition.json#",
      "contentVersion": "1.0.0.0",
      "parameters": {
        "$connections": {
          "defaultValue": {},
          "type": "Object"
        },
        "$authentication": {
          "defaultValue": {},
          "type": "SecureObject"
        }
      },
      "triggers": {
        "Frequency": {
          "recurrence": {
            "frequency": "Day",
            "interval": 1,
            "startTime": "2024-03-22T15:00:00Z"
          },
          "metadata": {
            "operationMetadataId": "45dc6f4e-147f-4b1f-8202-8e540e53afa2"
          },
          "type": "Recurrence"
        }
      },
      "actions": {
        "Row_Lists": {
          "runAfter": {},
          "metadata": {
            "operationMetadataId": "ab02456b-3035-4120-ad55-c65621832588"
          },
          "type": "OpenApiConnection",
          "inputs": {
            "host": {
              "connectionName": "shared_commondataserviceforapps",
              "operationId": "ListRecords",
              "apiId": "/providers/Microsoft.PowerApps/apis/shared_commondataserviceforapps"
            },
            "parameters": {
              "entityName": "cr298_appmanagehappies"
            },
            "authentication": "@parameters('$authentication')"
          }
        },
        "Month_Variable_Initialize": {
          "runAfter": {
            "Text2": [
              "Succeeded"
            ]
          },
          "metadata": {
            "operationMetadataId": "4657cbd4-4a77-4e3a-acb6-9e179b6d059f"
          },
          "type": "InitializeVariable",
          "inputs": {
            "variables": [
              {
                "name": "Month",
                "type": "integer",
                "value": "@int(formatDateTime(utcNow(),'MM'))"
              }
            ]
          }
        },
        "Day_Variable_Initialize": {
          "runAfter": {
            "Month_Variable_Initialize": [
              "Succeeded"
            ]
          },
          "metadata": {
            "operationMetadataId": "0f68e65d-5059-49a4-bee6-09e1b628da9c"
          },
          "type": "InitializeVariable",
          "inputs": {
            "variables": [
              {
                "name": "Day",
                "type": "integer",
                "value": "@int(formatDateTime(utcNow(), 'dd'))"
              }
            ]
          }
        },
        "Output": {
          "foreach": "@outputs('Row_Lists')?['body/value']",
          "actions": {
            "Condition": {
              "actions": {
                "Switch": {
                  "runAfter": {},
                  "cases": {
                    "Case1": {
                      "case": 1,
                      "actions": {
                        "Post_card_in_a_chat_or_channel": {
                          "runAfter": {},
                          "metadata": {
                            "operationMetadataId": "51f630ad-6006-4a9d-a2c7-c4f3b6abd256"
                          },
                          "type": "OpenApiConnection",
                          "inputs": {
                            "host": {
                              "connectionName": "shared_teams",
                              "operationId": "PostCardToConversation",
                              "apiId": "/providers/Microsoft.PowerApps/apis/shared_teams"
                            },
                            "parameters": {
                              "poster": "Flow bot",
                              "location": "Chat with Flow bot",
                              "body/recipient": "@{items('Output')?['cr298_user']};",
                              "body/messageBody": "{\n    \"type\": \"AdaptiveCard\",\n    \"$schema\": \"http://adaptivecards.io/schemas/adaptive-card.json\",\n    \"version\": \"1.0\",\n    \"fallbackText\": \"\",\n    \"body\": [\n        {\n            \"type\": \"TextBlock\",\n            \"text\": \"🎂Happy Birthday🎂\",\n            \"wrap\": true,\n            \"isSubtle\": true,\n            \"spacing\": \"None\",\n            \"size\": \"ExtraLarge\",\n            \"weight\": \"Bolder\",\n            \"color\": \"Accent\",\n            \"horizontalAlignment\": \"Center\"\n        },\n        {\n            \"type\": \"TextBlock\",\n            \"text\": \"@{items('Output')?['cr298_name']}\",\n            \"wrap\": true,\n            \"horizontalAlignment\": \"Center\",\n            \"style\": \"heading\",\n            \"fontType\": \"Default\",\n            \"size\": \"ExtraLarge\",\n            \"weight\": \"Bolder\",\n            \"color\": \"Accent\"\n        },\n        {\n            \"type\": \"Image\",\n            \"url\": \"@{variables('URLImagen')}\",\n            \"width\": \"100px\",\n            \"style\": \"Person\",\n            \"size\": \"Large\",\n            \"horizontalAlignment\": \"Center\"\n        },\n        {\n            \"type\": \"TextBlock\",\n            \"text\": \"@{variables('Text1')}@{variables('Text2')}\",\n            \"wrap\": true,\n            \"style\": \"heading\",\n            \"size\": \"Large\",\n            \"horizontalAlignment\": \"Center\"\n        }\n    ]\n}"
                            },
                            "authentication": "@parameters('$authentication')"
                          }
                        }
                      }
                    },
                    "Case2": {
                      "case": 2,
                      "actions": {
                        "_Post_card_to_a_chat_or_channel_2": {
                          "runAfter": {},
                          "metadata": {
                            "operationMetadataId": "fe090049-99ba-482e-9769-08dc9973add3"
                          },
                          "type": "OpenApiConnection",
                          "inputs": {
                            "host": {
                              "connectionName": "shared_teams",
                              "operationId": "PostCardToConversation",
                              "apiId": "/providers/Microsoft.PowerApps/apis/shared_teams"
                            },
                            "parameters": {
                              "poster": "Flow bot",
                              "location": "Chat with Flow bot",
                              "body/recipient": "@{items('Output')?['cr298_user']};",
                              "body/messageBody": "{\n    \"type\": \"AdaptiveCard\",\n    \"$schema\": \"http://adaptivecards.io/schemas/adaptive-card.json\",\n    \"version\": \"1.0\",\n    \"fallbackText\": \"\",\n    \"body\": [\n        {\n            \"type\": \"TextBlock\",\n            \"text\": \"🎂Happy Birthday🎂\",\n            \"wrap\": true,\n            \"isSubtle\": true,\n            \"spacing\": \"None\",\n            \"size\": \"ExtraLarge\",\n            \"weight\": \"Bolder\",\n            \"color\": \"Accent\",\n            \"horizontalAlignment\": \"Center\"\n        },\n        {\n            \"type\": \"TextBlock\",\n            \"text\": \"@{items('Output')?['cr298_name']}\",\n            \"wrap\": true,\n            \"horizontalAlignment\": \"Center\",\n            \"style\": \"heading\",\n            \"fontType\": \"Default\",\n            \"size\": \"ExtraLarge\",\n            \"weight\": \"Bolder\",\n            \"color\": \"Accent\"\n        },\n        {\n            \"type\": \"Image\",\n            \"url\": \"@{variables('URLImagen')}\",\n            \"width\": \"100px\",\n            \"style\": \"Person\",\n            \"size\": \"Large\",\n            \"horizontalAlignment\": \"Center\"\n        },\n        {\n            \"type\": \"TextBlock\",\n            \"text\": \"@{variables('Text1')}@{variables('Text2')}\",\n            \"wrap\": true,\n            \"style\": \"heading\",\n            \"size\": \"Large\",\n            \"horizontalAlignment\": \"Center\"\n        }\n    ]\n}"
                            },
                            "authentication": "@parameters('$authentication')"
                          }
                        }
                      }
                    },
                    "Case3": {
                      "case": 3,
                      "actions": {
                        "_Post_card_to_a_chat_or_channel_3": {
                          "runAfter": {},
                          "metadata": {
                            "operationMetadataId": "70913aa7-fd03-4e37-86e7-daf7fb54f1f9"
                          },
                          "type": "OpenApiConnection",
                          "inputs": {
                            "host": {
                              "connectionName": "shared_teams",
                              "operationId": "PostCardToConversation",
                              "apiId": "/providers/Microsoft.PowerApps/apis/shared_teams"
                            },
                            "parameters": {
                              "poster": "Flow bot",
                              "location": "Chat with Flow bot",
                              "body/recipient": "@{items('Output')?['cr298_user']};",
                              "body/messageBody": "{\n    \"type\": \"AdaptiveCard\",\n    \"$schema\": \"http://adaptivecards.io/schemas/adaptive-card.json\",\n    \"version\": \"1.0\",\n    \"fallbackText\": \"\",\n    \"body\": [\n        {\n            \"type\": \"TextBlock\",\n            \"text\": \"🎂Happy Birthday🎂\",\n            \"wrap\": true,\n            \"isSubtle\": true,\n            \"spacing\": \"None\",\n            \"size\": \"ExtraLarge\",\n            \"weight\": \"Bolder\",\n            \"color\": \"Accent\",\n            \"horizontalAlignment\": \"Center\"\n        },\n        {\n            \"type\": \"TextBlock\",\n            \"text\": \"@{items('Output')?['cr298_name']}\",\n            \"wrap\": true,\n            \"horizontalAlignment\": \"Center\",\n            \"style\": \"heading\",\n            \"fontType\": \"Default\",\n            \"size\": \"ExtraLarge\",\n            \"weight\": \"Bolder\",\n            \"color\": \"Accent\"\n        },\n        {\n            \"type\": \"Image\",\n            \"url\": \"@{variables('URLImagen')}\",\n            \"width\": \"100px\",\n            \"style\": \"Person\",\n            \"size\": \"Large\",\n            \"horizontalAlignment\": \"Center\"\n        },\n        {\n            \"type\": \"TextBlock\",\n            \"text\": \"@{variables('Text1')}@{variables('Text2')}\",\n            \"wrap\": true,\n            \"style\": \"heading\",\n            \"size\": \"Large\",\n            \"horizontalAlignment\": \"Center\"\n        }\n    ]\n}"
                            },
                            "authentication": "@parameters('$authentication')"
                          }
                        }
                      }
                    }
                  },
                  "default": {
                    "actions": {}
                  },
                  "expression": "@items('Output')?['cr298_template']",
                  "metadata": {
                    "operationMetadataId": "69cccdcf-b0f9-4cdc-8b59-6c884eb3f9e9"
                  },
                  "type": "Switch"
                }
              },
              "runAfter": {},
              "expression": {
                "and": [
                  {
                    "equals": [
                      "@variables('Day')",
                      "@variables('Day')"
                    ]
                  },
                  {
                    "equals": [
                      "@variables('Month')",
                      "@variables('Month')"
                    ]
                  }
                ]
              },
              "metadata": {
                "operationMetadataId": "c1c45764-3afb-45c2-b7a8-3f077fdeec13"
              },
              "type": "If"
            }
          },
          "runAfter": {
            "Day_Variable_Initialize": [
              "Succeeded"
            ]
          },
          "metadata": {
            "operationMetadataId": "f6c335dd-d7c7-492d-9f7f-3b6d066dd9d2"
          },
          "type": "Foreach"
        },
        "URLImagen": {
          "runAfter": {
            "Row_Lists": [
              "Succeeded"
            ]
          },
          "metadata": {
            "operationMetadataId": "a8cb682b-20a4-424f-b308-d1ebd9c61b48"
          },
          "type": "InitializeVariable",
          "inputs": {
            "variables": [
              {
                "name": "URLImagen",
                "type": "string",
                "value": "https://firebasestorage.googleapis.com/v0/b/yocreo-e0575.appspot.com/o/Tarjeta%2Fhappy1.jpg?alt=media&token=50713e87-13cd-40c0-87fb-4b5b5f120be8"
              }
            ]
          }
        },
        "Text1": {
          "runAfter": {
            "URLImagen": [
              "Succeeded"
            ]
          },
          "metadata": {
            "operationMetadataId": "31b12d70-6517-427e-8396-eb11bd9ffe1d"
          },
          "type": "InitializeVariable",
          "inputs": {
            "variables": [
              {
                "name": "Text1",
                "type": "string",
                "value": "🎉 Happy Birthday Aeroranger! 🎂  Wishing you a day filled with joy, laughter, and everything you love. May this year bring you success, happiness, and all the amazing things you deserve 🌟 Working with you is always a pleasure, and I hope your birthday is as wonderful as you are. "
              }
            ]
          }
        },
        "Text2": {
          "runAfter": {
            "Text1": [
              "Succeeded"
            ]
          },
          "metadata": {
            "operationMetadataId": "836cd5a2-511d-469b-b79e-0096e83973b6"
          },
          "type": "InitializeVariable",
          "inputs": {
            "variables": [
              {
                "name": "Text2",
                "type": "string",
                "value": "🎉 No Fuss, No Drama, Just Happy Birthday <3"
              }
            ]
          }
        }
      }
    },
    "templateName": ""
  },
  "schemaVersion": "1.0.0.0"
}