<ImportExportXml version="9.2.24062.162" SolutionPackageVersion="9.2" languagecode="1033" generatedBy="CrmLive" xmlns:xsi="http://www.w3.org/2001/XMLSchema-instance">
  <SolutionManifest>
    <UniqueName>ExportComponentsc931f9f557e94be2b15e4ff8fea8fff9</UniqueName>
    <LocalizedNames>
      <LocalizedName description="ExportComponentsc931f9f557e94be2b15e4ff8fea8fff9" languagecode="1033" />
    </LocalizedNames>
    <Descriptions />
    <Version>1.0</Version>
    <Managed>0</Managed>
    <Publisher>
      <UniqueName>Cr181e1</UniqueName>
      <LocalizedNames>
        <LocalizedName description="CDS Default Publisher" languagecode="1033" />
      </LocalizedNames>
      <Descriptions />
      <EMailAddress xsi:nil="true"></EMailAddress>
      <SupportingWebsiteUrl xsi:nil="true"></SupportingWebsiteUrl>
      <CustomizationPrefix>crf9d</CustomizationPrefix>
      <CustomizationOptionValuePrefix>33289</CustomizationOptionValuePrefix>
    </Publisher>
    <RootComponents>
      <RootComponent type="1" schemaName="cr298_appmanagehappy" behavior="0" />
      <RootComponent type="29" id="{a22b1b39-4ee8-ee11-a203-000d3a88e808}" behavior="0" />
      <RootComponent type="300" schemaName="cr298_appmanagehappyv1_0d0a2" behavior="0" />
    </RootComponents>
    <MissingDependencies />
  </SolutionManifest>
</ImportExportXml>